,China,USA,Spain,Italy,France,Germany,Iran,UK,Turkey,Belgium,Switzerland,Netherlands,Canada,Brazil,Portugal,Austria,S. Korea,Russia,Israel,Sweden,India,Ireland,Norway,Australia,Chile,Denmark,Poland,Czechia,Peru,Romania,Ecuador,Japan,Pakistan,Malaysia,Philippines,Indonesia,Saudi Arabia,Mexico,Luxembourg,Serbia,UAE,Finland,Panama,Thailand,Qatar,Dominican Republic,Colombia,Greece,South Africa,Singapore,Ukraine,Argentina,Algeria,Iceland,Egypt,Belarus,Croatia,Morocco,Moldova,New Zealand,Iraq,Estonia,Slovenia,Hungary,Hong Kong,Lithuania,Azerbaijan,Armenia,Kuwait,Bahrain,Bosnia and Herzegovina,Kazakhstan,Cameroon,Slovakia,North Macedonia,Tunisia,Bulgaria,Latvia,Andorra,Lebanon,Uzbekistan,Cyprus,Cuba,Costa Rica,Afghanistan,Oman,Uruguay,Burkina Faso,Albania,Ivory Coast,Taiwan,Jordan,Réunion,Channel Islands,Honduras,Niger,Malta,Bangladesh,Mauritius,Ghana,San Marino,Kyrgyzstan,Nigeria,Bolivia,Palestine,Vietnam,Montenegro,Senegal,Georgia,Guinea,Sri Lanka,Isle of Man,Kenya,Mayotte,Faeroe Islands,DRC,Venezuela,Martinique,Guadeloupe,Brunei ,Djibouti,Paraguay,Gibraltar,Cambodia,Rwanda,Trinidad and Tobago,El Salvador,Guatemala,Madagascar,Monaco,French Guiana,Aruba,Liechtenstein,Mali,Togo,Jamaica,Barbados,Congo,Ethiopia,Uganda,French Polynesia,Cayman Islands,Macao,Sint Maarten,Bahamas,Bermuda,Zambia,Guyana,Guinea-Bissau,Gabon,Eritrea,Saint Martin,Liberia,Haiti,Benin,Tanzania,Libya,Myanmar,Angola,Antigua and Barbuda,Syria,Maldives,Equatorial Guinea,New Caledonia,Mozambique,Laos,Mongolia,Namibia,Sudan,Dominica,Fiji,Curaçao,Saint Lucia,Botswana,Somalia,Grenada,Eswatini,Zimbabwe,Chad,Greenland,Saint Kitts and Nevis,Seychelles,Suriname,Belize,Nepal,Montserrat,Malawi,Turks and Caicos,CAR,Vatican City,St. Vincent Grenadines,Cabo Verde,Mauritania,Nicaragua,Sierra Leone,St. Barth,Bhutan,Falkland Islands,Gambia,Sao Tome and Principe,Western Sahara,Anguilla,British Virgin Islands,Burundi,South Sudan,Caribbean Netherlands,Papua New Guinea,Saint Pierre Miquelon,Timor-Leste
Jan 22,554,0,0,0,0,0,0,0,0,0,0,0,0,0,0,0,0,0,0,0,0,0,0,0,0,0,0,0,0,0,0,0,0,0,0,0,0,0,0,0,0,0,0,0,0,0,0,0,0,0,0,0,0,0,0,0,0,0,0,0,0,0,0,0,0,0,0,0,0,0,0,0,0,0,0,0,0,0,0,0,0,0,0,0,0,0,0,0,0,0,0,0,0,0,0,0,0,0,0,0,0,0,0,0,0,0,0,0,0,0,0,0,0,0,0,0,0,0,0,0,0,0,0,0,0,0,0,0,0,0,0,0,0,0,0,0,0,0,0,0,0,0,0,0,0,0,0,0,0,0,0,0,0,0,0,0,0,0,0,0,0,0,0,0,0,0,0,0,0,0,0,0,0,0,0,0,0,0,0,0,0,0,0,0,0,0,0,0,0,0,0,0,0,0,0,0,0,0,0,0,0,0,0,0,0,0,0,0,0
Jan 23,771,0,0,0,0,0,0,0,0,0,0,0,0,0,0,0,0,0,0,0,0,0,0,0,0,0,0,0,0,0,0,0,0,0,0,0,0,0,0,0,0,0,0,0,0,0,0,0,0,0,0,0,0,0,0,0,0,0,0,0,0,0,0,0,0,0,0,0,0,0,0,0,0,0,0,0,0,0,0,0,0,0,0,0,0,0,0,0,0,0,0,0,0,0,0,0,0,0,0,0,0,0,0,0,0,0,0,0,0,0,0,0,0,0,0,0,0,0,0,0,0,0,0,0,0,0,0,0,0,0,0,0,0,0,0,0,0,0,0,0,0,0,0,0,0,0,0,0,0,0,0,0,0,0,0,0,0,0,0,0,0,0,0,0,0,0,0,0,0,0,0,0,0,0,0,0,0,0,0,0,0,0,0,0,0,0,0,0,0,0,0,0,0,0,0,0,0,0,0,0,0,0,0,0,0,0,0,0,0
Jan 24,1208,0,0,0,0,0,0,0,0,0,0,0,0,0,0,0,0,0,0,0,0,0,0,0,0,0,0,0,0,0,0,0,0,0,0,0,0,0,0,0,0,0,0,0,0,0,0,0,0,0,0,0,0,0,0,0,0,0,0,0,0,0,0,0,0,0,0,0,0,0,0,0,0,0,0,0,0,0,0,0,0,0,0,0,0,0,0,0,0,0,0,0,0,0,0,0,0,0,0,0,0,0,0,0,0,0,0,0,0,0,0,0,0,0,0,0,0,0,0,0,0,0,0,0,0,0,0,0,0,0,0,0,0,0,0,0,0,0,0,0,0,0,0,0,0,0,0,0,0,0,0,0,0,0,0,0,0,0,0,0,0,0,0,0,0,0,0,0,0,0,0,0,0,0,0,0,0,0,0,0,0,0,0,0,0,0,0,0,0,0,0,0,0,0,0,0,0,0,0,0,0,0,0,0,0,0,0,0,0
Jan 25,1870,0,0,0,0,0,0,0,0,0,0,0,0,0,0,0,0,0,0,0,0,0,0,0,0,0,0,0,0,0,0,0,0,0,0,0,0,0,0,0,0,0,0,0,0,0,0,0,0,0,0,0,0,0,0,0,0,0,0,0,0,0,0,0,0,0,0,0,0,0,0,0,0,0,0,0,0,0,0,0,0,0,0,0,0,0,0,0,0,0,0,0,0,0,0,0,0,0,0,0,0,0,0,0,0,0,0,0,0,0,0,0,0,0,0,0,0,0,0,0,0,0,0,0,0,0,0,0,0,0,0,0,0,0,0,0,0,0,0,0,0,0,0,0,0,0,0,0,0,0,0,0,0,0,0,0,0,0,0,0,0,0,0,0,0,0,0,0,0,0,0,0,0,0,0,0,0,0,0,0,0,0,0,0,0,0,0,0,0,0,0,0,0,0,0,0,0,0,0,0,0,0,0,0,0,0,0,0,0
Jan 26,2613,0,0,0,0,0,0,0,0,0,0,0,0,0,0,0,0,0,0,0,0,0,0,0,0,0,0,0,0,0,0,0,0,0,0,0,0,0,0,0,0,0,0,0,0,0,0,0,0,0,0,0,0,0,0,0,0,0,0,0,0,0,0,0,0,0,0,0,0,0,0,0,0,0,0,0,0,0,0,0,0,0,0,0,0,0,0,0,0,0,0,0,0,0,0,0,0,0,0,0,0,0,0,0,0,0,0,0,0,0,0,0,0,0,0,0,0,0,0,0,0,0,0,0,0,0,0,0,0,0,0,0,0,0,0,0,0,0,0,0,0,0,0,0,0,0,0,0,0,0,0,0,0,0,0,0,0,0,0,0,0,0,0,0,0,0,0,0,0,0,0,0,0,0,0,0,0,0,0,0,0,0,0,0,0,0,0,0,0,0,0,0,0,0,0,0,0,0,0,0,0,0,0,0,0,0,0,0,0
Jan 27,4349,0,0,0,0,0,0,0,0,0,0,0,0,0,0,0,0,0,0,0,0,0,0,0,0,0,0,0,0,0,0,0,0,0,0,0,0,0,0,0,0,0,0,0,0,0,0,0,0,0,0,0,0,0,0,0,0,0,0,0,0,0,0,0,0,0,0,0,0,0,0,0,0,0,0,0,0,0,0,0,0,0,0,0,0,0,0,0,0,0,0,0,0,0,0,0,0,0,0,0,0,0,0,0,0,0,0,0,0,0,0,0,0,0,0,0,0,0,0,0,0,0,0,0,0,0,0,0,0,0,0,0,0,0,0,0,0,0,0,0,0,0,0,0,0,0,0,0,0,0,0,0,0,0,0,0,0,0,0,0,0,0,0,0,0,0,0,0,0,0,0,0,0,0,0,0,0,0,0,0,0,0,0,0,0,0,0,0,0,0,0,0,0,0,0,0,0,0,0,0,0,0,0,0,0,0,0,0,0
Jan 28,5739,0,0,0,0,0,0,0,0,0,0,0,0,0,0,0,0,0,0,0,0,0,0,0,0,0,0,0,0,0,0,0,0,0,0,0,0,0,0,0,0,0,0,0,0,0,0,0,0,0,0,0,0,0,0,0,0,0,0,0,0,0,0,0,0,0,0,0,0,0,0,0,0,0,0,0,0,0,0,0,0,0,0,0,0,0,0,0,0,0,0,0,0,0,0,0,0,0,0,0,0,0,0,0,0,0,0,0,0,0,0,0,0,0,0,0,0,0,0,0,0,0,0,0,0,0,0,0,0,0,0,0,0,0,0,0,0,0,0,0,0,0,0,0,0,0,0,0,0,0,0,0,0,0,0,0,0,0,0,0,0,0,0,0,0,0,0,0,0,0,0,0,0,0,0,0,0,0,0,0,0,0,0,0,0,0,0,0,0,0,0,0,0,0,0,0,0,0,0,0,0,0,0,0,0,0,0,0,0
Jan 29,7417,0,0,0,0,0,0,0,0,0,0,0,0,0,0,0,0,0,0,0,0,0,0,0,0,0,0,0,0,0,0,0,0,0,0,0,0,0,0,0,0,0,0,0,0,0,0,0,0,0,0,0,0,0,0,0,0,0,0,0,0,0,0,0,0,0,0,0,0,0,0,0,0,0,0,0,0,0,0,0,0,0,0,0,0,0,0,0,0,0,0,0,0,0,0,0,0,0,0,0,0,0,0,0,0,0,0,0,0,0,0,0,0,0,0,0,0,0,0,0,0,0,0,0,0,0,0,0,0,0,0,0,0,0,0,0,0,0,0,0,0,0,0,0,0,0,0,0,0,0,0,0,0,0,0,0,0,0,0,0,0,0,0,0,0,0,0,0,0,0,0,0,0,0,0,0,0,0,0,0,0,0,0,0,0,0,0,0,0,0,0,0,0,0,0,0,0,0,0,0,0,0,0,0,0,0,0,0,0
Jan 30,9308,0,0,0,0,0,0,0,0,0,0,0,0,0,0,0,0,0,0,0,0,0,0,0,0,0,0,0,0,0,0,0,0,0,0,0,0,0,0,0,0,0,0,0,0,0,0,0,0,0,0,0,0,0,0,0,0,0,0,0,0,0,0,0,0,0,0,0,0,0,0,0,0,0,0,0,0,0,0,0,0,0,0,0,0,0,0,0,0,0,0,0,0,0,0,0,0,0,0,0,0,0,0,0,0,0,0,0,0,0,0,0,0,0,0,0,0,0,0,0,0,0,0,0,0,0,0,0,0,0,0,0,0,0,0,0,0,0,0,0,0,0,0,0,0,0,0,0,0,0,0,0,0,0,0,0,0,0,0,0,0,0,0,0,0,0,0,0,0,0,0,0,0,0,0,0,0,0,0,0,0,0,0,0,0,0,0,0,0,0,0,0,0,0,0,0,0,0,0,0,0,0,0,0,0,0,0,0,0
Jan 31,11289,0,0,0,0,0,0,0,0,0,0,0,0,0,0,0,0,0,0,0,0,0,0,0,0,0,0,0,0,0,0,0,0,0,0,0,0,0,0,0,0,0,0,0,0,0,0,0,0,0,0,0,0,0,0,0,0,0,0,0,0,0,0,0,0,0,0,0,0,0,0,0,0,0,0,0,0,0,0,0,0,0,0,0,0,0,0,0,0,0,0,0,0,0,0,0,0,0,0,0,0,0,0,0,0,0,0,0,0,0,0,0,0,0,0,0,0,0,0,0,0,0,0,0,0,0,0,0,0,0,0,0,0,0,0,0,0,0,0,0,0,0,0,0,0,0,0,0,0,0,0,0,0,0,0,0,0,0,0,0,0,0,0,0,0,0,0,0,0,0,0,0,0,0,0,0,0,0,0,0,0,0,0,0,0,0,0,0,0,0,0,0,0,0,0,0,0,0,0,0,0,0,0,0,0,0,0,0,0
Feb 01,13748,0,0,0,0,0,0,0,0,0,0,0,0,0,0,0,0,0,0,0,0,0,0,0,0,0,0,0,0,0,0,0,0,0,0,0,0,0,0,0,0,0,0,0,0,0,0,0,0,0,0,0,0,0,0,0,0,0,0,0,0,0,0,0,0,0,0,0,0,0,0,0,0,0,0,0,0,0,0,0,0,0,0,0,0,0,0,0,0,0,0,0,0,0,0,0,0,0,0,0,0,0,0,0,0,0,0,0,0,0,0,0,0,0,0,0,0,0,0,0,0,0,0,0,0,0,0,0,0,0,0,0,0,0,0,0,0,0,0,0,0,0,0,0,0,0,0,0,0,0,0,0,0,0,0,0,0,0,0,0,0,0,0,0,0,0,0,0,0,0,0,0,0,0,0,0,0,0,0,0,0,0,0,0,0,0,0,0,0,0,0,0,0,0,0,0,0,0,0,0,0,0,0,0,0,0,0,0,0
Feb 02,16369,0,0,0,0,0,0,0,0,0,0,0,0,0,0,0,0,0,0,0,0,0,0,0,0,0,0,0,0,0,0,0,0,0,0,0,0,0,0,0,0,0,0,0,0,0,0,0,0,0,0,0,0,0,0,0,0,0,0,0,0,0,0,0,0,0,0,0,0,0,0,0,0,0,0,0,0,0,0,0,0,0,0,0,0,0,0,0,0,0,0,0,0,0,0,0,0,0,0,0,0,0,0,0,0,0,0,0,0,0,0,0,0,0,0,0,0,0,0,0,0,0,0,0,0,0,0,0,0,0,0,0,0,0,0,0,0,0,0,0,0,0,0,0,0,0,0,0,0,0,0,0,0,0,0,0,0,0,0,0,0,0,0,0,0,0,0,0,0,0,0,0,0,0,0,0,0,0,0,0,0,0,0,0,0,0,0,0,0,0,0,0,0,0,0,0,0,0,0,0,0,0,0,0,0,0,0,0,0
Feb 03,19383,0,0,0,0,0,0,0,0,0,0,0,0,0,0,0,0,0,0,0,0,0,0,0,0,0,0,0,0,0,0,0,0,0,0,0,0,0,0,0,0,0,0,0,0,0,0,0,0,0,0,0,0,0,0,0,0,0,0,0,0,0,0,0,0,0,0,0,0,0,0,0,0,0,0,0,0,0,0,0,0,0,0,0,0,0,0,0,0,0,0,0,0,0,0,0,0,0,0,0,0,0,0,0,0,0,0,0,0,0,0,0,0,0,0,0,0,0,0,0,0,0,0,0,0,0,0,0,0,0,0,0,0,0,0,0,0,0,0,0,0,0,0,0,0,0,0,0,0,0,0,0,0,0,0,0,0,0,0,0,0,0,0,0,0,0,0,0,0,0,0,0,0,0,0,0,0,0,0,0,0,0,0,0,0,0,0,0,0,0,0,0,0,0,0,0,0,0,0,0,0,0,0,0,0,0,0,0,0
Feb 04,22942,0,0,0,0,0,0,0,0,0,0,0,0,0,0,0,0,0,0,0,0,0,0,0,0,0,0,0,0,0,0,0,0,0,0,0,0,0,0,0,0,0,0,0,0,0,0,0,0,0,0,0,0,0,0,0,0,0,0,0,0,0,0,0,0,0,0,0,0,0,0,0,0,0,0,0,0,0,0,0,0,0,0,0,0,0,0,0,0,0,0,0,0,0,0,0,0,0,0,0,0,0,0,0,0,0,0,0,0,0,0,0,0,0,0,0,0,0,0,0,0,0,0,0,0,0,0,0,0,0,0,0,0,0,0,0,0,0,0,0,0,0,0,0,0,0,0,0,0,0,0,0,0,0,0,0,0,0,0,0,0,0,0,0,0,0,0,0,0,0,0,0,0,0,0,0,0,0,0,0,0,0,0,0,0,0,0,0,0,0,0,0,0,0,0,0,0,0,0,0,0,0,0,0,0,0,0,0,0
Feb 05,26302,0,0,0,0,0,0,0,0,0,0,0,0,0,0,0,0,0,0,0,0,0,0,0,0,0,0,0,0,0,0,0,0,0,0,0,0,0,0,0,0,0,0,0,0,0,0,0,0,0,0,0,0,0,0,0,0,0,0,0,0,0,0,0,0,0,0,0,0,0,0,0,0,0,0,0,0,0,0,0,0,0,0,0,0,0,0,0,0,0,0,0,0,0,0,0,0,0,0,0,0,0,0,0,0,0,0,0,0,0,0,0,0,0,0,0,0,0,0,0,0,0,0,0,0,0,0,0,0,0,0,0,0,0,0,0,0,0,0,0,0,0,0,0,0,0,0,0,0,0,0,0,0,0,0,0,0,0,0,0,0,0,0,0,0,0,0,0,0,0,0,0,0,0,0,0,0,0,0,0,0,0,0,0,0,0,0,0,0,0,0,0,0,0,0,0,0,0,0,0,0,0,0,0,0,0,0,0,0
Feb 06,28985,0,0,0,0,0,0,0,0,0,0,0,0,0,0,0,0,0,0,0,0,0,0,0,0,0,0,0,0,0,0,0,0,0,0,0,0,0,0,0,0,0,0,0,0,0,0,0,0,0,0,0,0,0,0,0,0,0,0,0,0,0,0,0,0,0,0,0,0,0,0,0,0,0,0,0,0,0,0,0,0,0,0,0,0,0,0,0,0,0,0,0,0,0,0,0,0,0,0,0,0,0,0,0,0,0,0,0,0,0,0,0,0,0,0,0,0,0,0,0,0,0,0,0,0,0,0,0,0,0,0,0,0,0,0,0,0,0,0,0,0,0,0,0,0,0,0,0,0,0,0,0,0,0,0,0,0,0,0,0,0,0,0,0,0,0,0,0,0,0,0,0,0,0,0,0,0,0,0,0,0,0,0,0,0,0,0,0,0,0,0,0,0,0,0,0,0,0,0,0,0,0,0,0,0,0,0,0,0
Feb 07,31774,0,0,0,0,0,0,0,0,0,0,0,0,0,0,0,0,0,0,0,0,0,0,0,0,0,0,0,0,0,0,0,0,0,0,0,0,0,0,0,0,0,0,0,0,0,0,0,0,0,0,0,0,0,0,0,0,0,0,0,0,0,0,0,0,0,0,0,0,0,0,0,0,0,0,0,0,0,0,0,0,0,0,0,0,0,0,0,0,0,0,0,0,0,0,0,0,0,0,0,0,0,0,0,0,0,0,0,0,0,0,0,0,0,0,0,0,0,0,0,0,0,0,0,0,0,0,0,0,0,0,0,0,0,0,0,0,0,0,0,0,0,0,0,0,0,0,0,0,0,0,0,0,0,0,0,0,0,0,0,0,0,0,0,0,0,0,0,0,0,0,0,0,0,0,0,0,0,0,0,0,0,0,0,0,0,0,0,0,0,0,0,0,0,0,0,0,0,0,0,0,0,0,0,0,0,0,0,0
Feb 08,33738,0,0,0,0,0,0,0,0,0,0,0,0,0,0,0,0,0,0,0,0,0,0,0,0,0,0,0,0,0,0,0,0,0,0,0,0,0,0,0,0,0,0,0,0,0,0,0,0,0,0,0,0,0,0,0,0,0,0,0,0,0,0,0,0,0,0,0,0,0,0,0,0,0,0,0,0,0,0,0,0,0,0,0,0,0,0,0,0,0,0,0,0,0,0,0,0,0,0,0,0,0,0,0,0,0,0,0,0,0,0,0,0,0,0,0,0,0,0,0,0,0,0,0,0,0,0,0,0,0,0,0,0,0,0,0,0,0,0,0,0,0,0,0,0,0,0,0,0,0,0,0,0,0,0,0,0,0,0,0,0,0,0,0,0,0,0,0,0,0,0,0,0,0,0,0,0,0,0,0,0,0,0,0,0,0,0,0,0,0,0,0,0,0,0,0,0,0,0,0,0,0,0,0,0,0,0,0,0
Feb 09,35982,0,0,0,0,0,0,0,0,0,0,0,0,0,0,0,0,0,0,0,0,0,0,0,0,0,0,0,0,0,0,0,0,0,0,0,0,0,0,0,0,0,0,0,0,0,0,0,0,0,0,0,0,0,0,0,0,0,0,0,0,0,0,0,0,0,0,0,0,0,0,0,0,0,0,0,0,0,0,0,0,0,0,0,0,0,0,0,0,0,0,0,0,0,0,0,0,0,0,0,0,0,0,0,0,0,0,0,0,0,0,0,0,0,0,0,0,0,0,0,0,0,0,0,0,0,0,0,0,0,0,0,0,0,0,0,0,0,0,0,0,0,0,0,0,0,0,0,0,0,0,0,0,0,0,0,0,0,0,0,0,0,0,0,0,0,0,0,0,0,0,0,0,0,0,0,0,0,0,0,0,0,0,0,0,0,0,0,0,0,0,0,0,0,0,0,0,0,0,0,0,0,0,0,0,0,0,0,0
Feb 10,37626,0,0,0,0,0,0,0,0,0,0,0,0,0,0,0,0,0,0,0,0,0,0,0,0,0,0,0,0,0,0,0,0,0,0,0,0,0,0,0,0,0,0,0,0,0,0,0,0,0,0,0,0,0,0,0,0,0,0,0,0,0,0,0,0,0,0,0,0,0,0,0,0,0,0,0,0,0,0,0,0,0,0,0,0,0,0,0,0,0,0,0,0,0,0,0,0,0,0,0,0,0,0,0,0,0,0,0,0,0,0,0,0,0,0,0,0,0,0,0,0,0,0,0,0,0,0,0,0,0,0,0,0,0,0,0,0,0,0,0,0,0,0,0,0,0,0,0,0,0,0,0,0,0,0,0,0,0,0,0,0,0,0,0,0,0,0,0,0,0,0,0,0,0,0,0,0,0,0,0,0,0,0,0,0,0,0,0,0,0,0,0,0,0,0,0,0,0,0,0,0,0,0,0,0,0,0,0,0
Feb 11,38791,0,0,0,0,0,0,0,0,0,0,0,0,0,0,0,0,0,0,0,0,0,0,0,0,0,0,0,0,0,0,0,0,0,0,0,0,0,0,0,0,0,0,0,0,0,0,0,0,0,0,0,0,0,0,0,0,0,0,0,0,0,0,0,0,0,0,0,0,0,0,0,0,0,0,0,0,0,0,0,0,0,0,0,0,0,0,0,0,0,0,0,0,0,0,0,0,0,0,0,0,0,0,0,0,0,0,0,0,0,0,0,0,0,0,0,0,0,0,0,0,0,0,0,0,0,0,0,0,0,0,0,0,0,0,0,0,0,0,0,0,0,0,0,0,0,0,0,0,0,0,0,0,0,0,0,0,0,0,0,0,0,0,0,0,0,0,0,0,0,0,0,0,0,0,0,0,0,0,0,0,0,0,0,0,0,0,0,0,0,0,0,0,0,0,0,0,0,0,0,0,0,0,0,0,0,0,0,0
Feb 12,51591,0,0,0,0,0,0,0,0,0,0,0,0,0,0,0,0,0,0,0,0,0,0,0,0,0,0,0,0,0,0,0,0,0,0,0,0,0,0,0,0,0,0,0,0,0,0,0,0,0,0,0,0,0,0,0,0,0,0,0,0,0,0,0,0,0,0,0,0,0,0,0,0,0,0,0,0,0,0,0,0,0,0,0,0,0,0,0,0,0,0,0,0,0,0,0,0,0,0,0,0,0,0,0,0,0,0,0,0,0,0,0,0,0,0,0,0,0,0,0,0,0,0,0,0,0,0,0,0,0,0,0,0,0,0,0,0,0,0,0,0,0,0,0,0,0,0,0,0,0,0,0,0,0,0,0,0,0,0,0,0,0,0,0,0,0,0,0,0,0,0,0,0,0,0,0,0,0,0,0,0,0,0,0,0,0,0,0,0,0,0,0,0,0,0,0,0,0,0,0,0,0,0,0,0,0,0,0,0
Feb 13,55748,0,0,0,0,0,0,0,0,0,0,0,0,0,0,0,0,0,0,0,0,0,0,0,0,0,0,0,0,0,0,0,0,0,0,0,0,0,0,0,0,0,0,0,0,0,0,0,0,0,0,0,0,0,0,0,0,0,0,0,0,0,0,0,0,0,0,0,0,0,0,0,0,0,0,0,0,0,0,0,0,0,0,0,0,0,0,0,0,0,0,0,0,0,0,0,0,0,0,0,0,0,0,0,0,0,0,0,0,0,0,0,0,0,0,0,0,0,0,0,0,0,0,0,0,0,0,0,0,0,0,0,0,0,0,0,0,0,0,0,0,0,0,0,0,0,0,0,0,0,0,0,0,0,0,0,0,0,0,0,0,0,0,0,0,0,0,0,0,0,0,0,0,0,0,0,0,0,0,0,0,0,0,0,0,0,0,0,0,0,0,0,0,0,0,0,0,0,0,0,0,0,0,0,0,0,0,0,0
Feb 14,56873,0,0,0,0,0,0,0,0,0,0,0,0,0,0,0,0,0,0,0,0,0,0,0,0,0,0,0,0,0,0,0,0,0,0,0,0,0,0,0,0,0,0,0,0,0,0,0,0,0,0,0,0,0,0,0,0,0,0,0,0,0,0,0,0,0,0,0,0,0,0,0,0,0,0,0,0,0,0,0,0,0,0,0,0,0,0,0,0,0,0,0,0,0,0,0,0,0,0,0,0,0,0,0,0,0,0,0,0,0,0,0,0,0,0,0,0,0,0,0,0,0,0,0,0,0,0,0,0,0,0,0,0,0,0,0,0,0,0,0,0,0,0,0,0,0,0,0,0,0,0,0,0,0,0,0,0,0,0,0,0,0,0,0,0,0,0,0,0,0,0,0,0,0,0,0,0,0,0,0,0,0,0,0,0,0,0,0,0,0,0,0,0,0,0,0,0,0,0,0,0,0,0,0,0,0,0,0,0
Feb 15,57416,12,0,3,7,13,0,1,0,0,0,0,7,0,0,0,19,0,0,1,0,0,0,5,0,0,0,0,0,0,0,52,0,15,0,0,0,0,0,0,5,0,0,20,0,0,0,0,0,54,0,0,0,0,1,0,0,0,0,0,0,0,0,0,54,0,0,0,0,0,0,0,0,0,0,0,0,0,0,0,0,0,0,0,0,0,0,0,0,0,16,0,0,0,0,0,0,0,0,0,0,0,0,0,0,9,0,0,0,0,0,0,0,0,0,0,0,0,0,0,0,0,0,0,0,0,0,0,0,0,0,0,0,0,0,0,0,0,0,0,0,0,7,0,0,0,0,0,0,0,0,0,0,0,0,0,0,0,0,0,0,0,0,0,0,0,0,0,0,0,0,0,0,0,0,0,0,0,0,0,0,0,0,0,0,0,0,0,0,0,0,0,0,0,0,0,0,0,0,0,0,0,0,0,0,0,0,0,0
Feb 16,57934,12,0,3,7,13,0,1,0,0,0,0,7,0,0,0,20,0,0,1,0,0,0,5,0,0,0,0,0,0,0,58,0,14,0,0,0,0,0,0,6,0,0,20,0,0,0,0,0,56,0,0,0,0,1,0,0,0,0,0,0,0,0,0,54,0,0,0,0,0,0,0,0,0,0,0,0,0,0,0,0,0,0,0,0,0,0,0,0,0,17,0,0,0,0,0,0,0,0,0,0,0,0,0,0,9,0,0,0,0,0,0,0,0,0,0,0,0,0,0,0,0,0,0,0,0,0,0,0,0,0,0,0,0,0,0,0,0,0,0,0,0,5,0,0,0,0,0,0,0,0,0,0,0,0,0,0,0,0,0,0,0,0,0,0,0,0,0,0,0,0,0,0,0,0,0,0,0,0,0,0,0,0,0,0,0,0,0,0,0,0,0,0,0,0,0,0,0,0,0,0,0,0,0,0,0,0,0,0
Feb 17,58016,12,0,3,6,9,0,1,0,0,0,0,7,0,0,0,20,0,0,1,0,0,0,5,0,0,0,0,0,0,0,47,0,13,0,0,0,0,0,0,6,0,0,20,0,0,0,0,0,53,0,0,0,0,1,0,0,0,0,0,0,0,0,0,57,0,0,0,0,0,0,0,0,0,0,0,0,0,0,0,0,0,0,0,0,0,0,0,0,0,19,0,0,0,0,0,0,0,0,0,0,0,0,0,0,9,0,0,0,0,0,0,0,0,0,0,0,0,0,0,0,0,0,0,0,0,0,0,0,0,0,0,0,0,0,0,0,0,0,0,0,0,5,0,0,0,0,0,0,0,0,0,0,0,0,0,0,0,0,0,0,0,0,0,0,0,0,0,0,0,0,0,0,0,0,0,0,0,0,0,0,0,0,0,0,0,0,0,0,0,0,0,0,0,0,0,0,0,0,0,0,0,0,0,0,0,0,0,0
Feb 18,57805,12,0,3,4,7,0,1,0,0,0,0,7,0,0,0,19,0,0,1,0,0,0,5,0,0,0,0,0,0,0,53,0,11,0,0,0,0,0,0,6,0,0,18,0,0,0,0,0,52,0,0,0,0,1,0,0,0,0,0,0,0,0,0,59,0,0,0,0,0,0,0,0,0,0,0,0,0,0,0,0,0,0,0,0,0,0,0,0,0,19,0,0,0,0,0,0,0,0,0,0,0,0,0,0,9,0,0,0,0,0,0,0,0,0,0,0,0,0,0,0,0,0,0,0,0,0,0,0,0,0,0,0,0,0,0,0,0,0,0,0,0,5,0,0,0,0,0,0,0,0,0,0,0,0,0,0,0,0,0,0,0,0,0,0,0,0,0,0,0,0,0,0,0,0,0,0,0,0,0,0,0,0,0,0,0,0,0,0,0,0,0,0,0,0,0,0,0,0,0,0,0,0,0,0,0,0,0,0
Feb 19,56301,12,0,3,4,7,0,1,0,0,0,0,7,0,0,0,42,0,0,1,0,0,0,5,0,0,0,0,0,0,0,63,0,7,0,0,0,0,0,0,6,0,0,18,0,0,0,0,0,50,0,0,0,0,1,0,0,0,0,0,0,0,0,0,58,0,0,0,0,0,0,0,0,0,0,0,0,0,0,0,0,0,0,0,0,0,0,0,0,0,20,0,0,0,0,0,0,0,0,0,0,0,0,0,0,2,0,0,0,0,0,0,0,0,0,0,0,0,0,0,0,0,0,0,0,0,0,0,0,0,0,0,0,0,0,0,0,0,0,0,0,0,5,0,0,0,0,0,0,0,0,0,0,0,0,0,0,0,0,0,0,0,0,0,0,0,0,0,0,0,0,0,0,0,0,0,0,0,0,0,0,0,0,0,0,0,0,0,0,0,0,0,0,0,0,0,0,0,0,0,0,0,0,0,0,0,0,0,0
Feb 20,54921,10,0,4,4,3,3,1,0,0,0,0,6,0,0,0,94,0,0,1,0,0,0,6,0,0,0,0,0,0,0,73,0,5,0,0,0,0,0,0,6,0,0,18,0,0,0,0,0,48,0,0,0,0,0,0,0,0,0,0,0,0,0,0,61,0,0,0,0,0,0,0,0,0,0,0,0,0,0,0,0,0,0,0,0,0,0,0,0,0,21,0,0,0,0,0,0,0,0,0,0,0,0,0,0,2,0,0,0,0,0,0,0,0,0,0,0,0,0,0,0,0,0,0,0,0,0,0,0,0,0,0,0,0,0,0,0,0,0,0,0,0,4,0,0,0,0,0,0,0,0,0,0,0,0,0,0,0,0,0,0,0,0,0,0,0,0,0,0,0,0,0,0,0,0,0,0,0,0,0,0,0,0,0,0,0,0,0,0,0,0,0,0,0,0,0,0,0,0,0,0,0,0,0,0,0,0,0,0
Feb 21,53284,29,0,19,4,2,14,1,0,0,0,0,6,0,0,0,190,0,1,1,0,0,0,8,0,0,0,0,0,0,0,86,0,5,0,0,0,0,0,0,8,0,0,16,0,0,0,0,0,39,0,0,0,0,0,0,0,0,0,0,0,0,0,0,61,0,0,0,0,0,0,0,0,0,0,0,0,0,0,1,0,0,0,0,0,0,0,0,0,0,23,0,0,0,0,0,0,0,0,0,0,0,0,0,0,1,0,0,0,0,0,0,0,0,0,0,0,0,0,0,0,0,0,0,0,0,0,0,0,0,0,0,0,0,0,0,0,0,0,0,0,0,4,0,0,0,0,0,0,0,0,0,0,0,0,0,0,0,0,0,0,0,0,0,0,0,0,0,0,0,0,0,0,0,0,0,0,0,0,0,0,0,0,0,0,0,0,0,0,0,0,0,0,0,0,0,0,0,0,0,0,0,0,0,0,0,0,0,0
Feb 22,52093,29,0,75,1,2,23,1,0,0,0,0,6,0,0,0,416,0,1,1,0,0,0,10,0,0,0,0,0,0,0,111,0,5,0,0,0,0,0,0,10,0,0,15,0,0,0,0,0,40,0,0,0,0,0,0,0,0,0,0,1,0,0,0,57,0,0,0,0,0,0,0,0,0,0,0,0,0,0,1,0,0,0,0,0,0,0,0,0,0,23,0,0,0,0,0,0,0,0,0,0,0,0,0,0,1,0,0,0,0,0,0,0,0,0,0,0,0,0,0,0,0,0,0,0,0,0,0,0,0,0,0,0,0,0,0,0,0,0,0,0,0,4,0,0,0,0,0,0,0,0,0,0,0,0,0,0,0,0,0,0,0,0,0,0,0,0,0,0,0,0,0,0,0,0,0,0,0,0,0,0,0,0,0,0,0,0,0,0,0,0,0,0,0,0,0,0,0,0,0,0,0,0,0,0,0,0,0,0
Feb 23,49824,28,0,152,1,2,34,5,0,0,0,0,7,0,0,0,578,0,2,1,0,0,0,11,0,0,0,0,0,0,0,122,0,4,0,0,0,0,0,0,10,0,0,14,0,0,0,0,0,38,0,0,0,0,0,0,0,0,0,0,1,0,0,0,60,0,0,0,0,0,0,0,0,0,0,0,0,0,0,1,0,0,0,0,0,0,0,0,0,0,25,0,0,0,0,0,0,0,0,0,0,0,0,0,0,1,0,0,0,0,0,0,0,0,0,0,0,0,0,0,0,0,0,0,0,0,0,0,0,0,0,0,0,0,0,0,0,0,0,0,0,0,4,0,0,0,0,0,0,0,0,0,0,0,0,0,0,0,0,0,0,0,0,0,0,0,0,0,0,0,0,0,0,0,0,0,0,0,0,0,0,0,0,0,0,0,0,0,0,0,0,0,0,0,0,0,0,0,0,0,0,0,0,0,0,0,0,0,0
Feb 24,47765,48,1,221,0,2,46,5,0,0,0,0,8,0,0,0,803,0,2,1,0,0,0,11,0,0,0,0,0,0,0,135,0,5,0,0,0,0,0,0,10,0,0,20,0,0,0,0,0,41,0,0,0,0,0,0,0,0,0,0,1,0,0,0,67,0,0,0,5,2,0,0,0,0,0,0,0,0,0,1,0,0,0,0,1,2,0,0,0,0,27,0,0,0,0,0,0,0,0,0,0,0,0,0,0,1,0,0,0,0,0,0,0,0,0,0,0,0,0,0,0,0,0,0,0,0,0,0,0,0,0,0,0,0,0,0,0,0,0,0,0,0,5,0,0,0,0,0,0,0,0,0,0,0,0,0,0,0,0,0,0,0,0,0,0,0,0,0,0,0,0,0,0,0,0,0,0,0,0,0,0,0,0,0,0,0,0,0,0,0,0,0,0,0,0,0,0,0,0,0,0,0,0,0,0,0,0,0,0
Feb 25,45600,51,7,310,2,3,54,5,0,0,1,0,8,1,0,2,944,0,2,1,0,0,0,7,0,0,0,0,0,0,0,137,0,2,0,0,0,0,0,0,10,0,0,15,0,0,0,0,0,33,0,0,1,0,0,0,1,0,0,0,5,0,0,0,65,0,0,0,11,23,0,0,0,0,0,0,0,0,0,1,0,0,0,0,1,4,0,0,0,0,25,0,0,0,0,0,0,0,0,0,0,0,0,0,0,0,0,0,0,0,0,0,0,0,0,0,0,0,0,0,0,0,0,0,0,0,0,0,0,0,0,0,0,0,0,0,0,0,0,0,0,0,5,0,0,0,0,0,0,0,0,0,0,0,0,0,0,0,0,0,0,0,0,0,0,0,0,0,0,0,0,0,0,0,0,0,0,0,0,0,0,0,0,0,0,0,0,0,0,0,0,0,0,0,0,0,0,0,0,0,0,0,0,0,0,0,0,0,0
Feb 26,43258,54,11,455,5,11,95,5,0,0,1,0,9,1,0,2,1225,0,2,2,0,0,1,8,0,0,0,0,0,1,0,146,2,2,0,0,0,0,0,0,10,1,0,18,0,0,0,1,0,31,0,0,1,0,0,0,3,0,0,0,5,0,0,0,69,0,0,0,26,33,0,0,0,0,1,0,0,0,0,2,0,0,0,0,1,4,0,0,0,0,26,0,0,0,0,0,0,0,0,0,0,0,0,0,0,0,0,0,1,0,0,0,0,0,0,0,0,0,0,0,0,0,0,0,0,0,0,0,0,0,0,0,0,0,0,0,0,0,0,0,0,0,4,0,0,0,0,0,0,0,0,0,0,0,0,0,0,0,0,0,0,0,0,0,0,0,0,0,0,0,0,0,0,0,0,0,0,0,0,0,0,0,0,0,0,0,0,0,0,0,0,0,0,0,0,0,0,0,0,0,0,0,0,0,0,0,0,0,0
Feb 27,39919,54,23,593,25,32,165,8,0,0,8,1,11,1,0,5,1729,0,3,7,0,0,4,8,0,1,0,0,0,1,0,178,2,2,0,0,0,0,0,0,14,1,0,12,0,0,0,3,0,30,0,0,1,0,0,0,3,0,0,0,7,1,0,0,72,0,0,0,43,33,0,0,0,0,1,0,0,0,0,3,0,0,0,0,1,6,0,0,0,0,26,0,0,0,0,0,0,0,0,0,1,0,0,0,0,0,0,0,1,0,0,0,0,0,0,0,0,0,0,0,0,0,0,0,0,0,0,0,0,0,0,0,0,0,0,0,0,0,0,0,0,0,4,0,0,0,0,0,0,0,0,0,0,0,0,0,0,0,0,0,0,0,0,0,0,0,0,0,0,0,0,0,0,0,0,0,0,0,0,0,0,0,0,0,0,0,0,0,0,0,0,0,0,0,0,0,0,0,0,0,0,0,0,0,0,0,0,0,0
Feb 28,37414,57,31,822,44,58,281,12,0,0,15,2,12,1,0,7,2297,0,6,11,0,0,6,10,0,2,0,0,0,2,0,196,2,5,0,0,0,2,0,0,14,2,0,13,0,0,0,4,0,29,0,0,1,1,0,1,5,0,0,1,8,1,0,0,73,1,1,0,45,38,0,0,0,0,1,0,0,0,0,4,0,0,0,0,1,6,0,0,0,0,28,0,0,0,0,0,0,0,0,0,1,0,1,0,0,0,0,0,2,0,0,0,0,0,0,0,0,0,0,0,0,0,0,0,0,0,0,0,0,1,0,0,0,0,0,0,0,0,0,0,0,0,4,0,0,0,0,0,0,0,0,0,0,0,0,0,0,0,0,0,0,0,0,0,0,0,0,0,0,0,0,0,0,0,0,0,0,0,0,0,0,0,0,0,0,0,0,0,0,0,0,0,0,0,0,0,0,0,0,0,0,0,0,0,0,0,0,0,0
Feb 29,35129,60,56,1049,86,63,427,15,0,0,19,7,16,2,0,10,3109,0,6,13,0,1,15,10,0,3,0,0,0,2,1,204,4,5,0,0,0,4,1,0,16,2,0,14,1,0,0,7,0,30,0,0,1,1,0,1,6,0,0,1,13,1,0,0,63,1,3,0,45,41,0,0,0,0,1,0,0,0,0,7,0,0,0,0,1,5,0,0,0,0,29,0,0,0,0,0,0,0,0,0,1,0,1,0,0,0,0,0,3,0,0,0,0,0,0,0,0,0,0,0,0,0,0,0,0,0,0,0,0,1,0,0,0,0,0,0,0,0,0,0,0,0,4,0,0,0,0,0,0,0,0,0,0,0,0,0,0,0,0,0,0,0,0,0,0,0,0,0,0,0,0,0,0,0,0,0,0,0,0,0,0,0,0,0,0,0,0,0,0,0,0,0,0,0,0,0,0,0,0,0,0,0,0,0,0,0,0,0,0
Mar 01,32616,65,82,1577,116,114,749,28,0,1,23,10,20,2,0,14,3685,0,9,14,0,1,19,13,0,4,0,3,0,2,6,208,4,7,0,0,0,5,1,0,16,5,0,11,3,1,0,7,0,32,0,0,3,3,1,1,7,0,0,1,19,1,0,0,62,1,3,1,46,47,0,0,0,0,1,0,0,0,0,10,0,0,0,0,1,5,0,0,0,0,27,0,0,0,0,0,0,0,0,0,8,0,1,0,0,0,0,0,3,0,0,0,0,0,0,0,0,0,0,0,0,0,0,0,0,0,0,0,0,1,0,0,0,0,0,0,0,0,0,0,0,0,4,0,0,0,0,0,0,0,0,2,0,0,0,0,0,0,0,0,0,0,0,0,0,0,0,0,0,0,0,0,0,0,0,0,0,0,0,0,0,0,0,0,0,0,0,0,0,0,0,0,0,0,0,1,0,0,0,0,0,0,0,0,0,0,0,0,0
Mar 02,30004,85,118,1835,176,149,1144,31,0,7,29,18,20,2,2,18,4277,1,11,15,3,1,25,17,0,4,0,4,0,2,6,226,4,7,0,2,1,6,1,0,16,6,0,12,7,1,0,7,0,30,0,0,5,9,1,1,8,1,0,1,27,1,0,0,62,1,3,1,56,49,0,0,0,0,1,1,0,1,1,13,0,0,0,0,1,4,0,0,0,0,28,1,0,0,0,0,0,0,0,0,8,0,1,0,0,0,0,1,3,0,0,0,0,0,0,0,0,0,0,0,0,0,0,0,0,0,0,0,0,1,0,0,0,0,0,0,0,0,0,0,0,0,4,0,0,0,0,0,0,0,0,2,0,0,0,0,0,0,0,0,0,0,0,0,0,0,0,0,0,0,0,0,0,0,0,0,0,0,0,0,0,0,0,0,0,0,0,0,0,0,0,0,0,0,0,1,0,0,0,0,0,0,0,0,0,0,0,0,0
Mar 03,27423,106,162,2263,196,187,1824,43,0,14,56,23,23,2,4,24,5120,1,11,29,4,2,33,17,1,10,0,5,0,3,7,244,5,14,0,2,1,5,1,0,22,6,0,12,8,1,0,7,0,32,1,1,8,13,1,4,9,1,0,2,32,2,0,0,62,1,3,1,56,49,0,0,0,0,1,1,0,1,1,13,0,0,0,0,1,10,0,0,0,0,29,1,0,0,0,0,0,0,0,0,10,0,1,0,0,0,0,2,3,0,0,0,0,0,0,0,0,0,0,0,0,0,1,0,0,0,0,0,0,1,0,0,1,0,0,0,0,0,0,0,0,0,1,0,0,0,0,0,0,0,0,2,0,0,0,0,0,0,0,0,0,0,0,0,0,0,0,0,0,0,0,0,0,0,0,0,0,0,0,0,0,0,0,0,0,0,0,0,0,0,0,0,0,0,0,1,0,0,0,0,0,0,0,0,0,0,0,0,0
Mar 04,25353,138,224,2706,269,246,2278,79,0,22,90,38,27,3,6,29,5498,1,14,51,26,6,59,30,3,14,1,8,0,5,10,282,5,28,0,2,2,5,1,0,23,6,0,12,8,1,0,9,0,33,1,1,17,25,1,6,10,1,0,3,35,2,1,2,64,1,3,1,56,51,0,0,0,0,1,1,0,1,1,15,0,0,0,0,1,13,0,0,0,0,29,1,0,0,0,0,0,0,0,0,16,0,1,0,0,0,0,4,3,0,0,0,0,0,1,0,0,0,0,0,0,0,1,0,0,0,0,0,0,1,0,0,1,0,0,0,0,0,0,0,0,0,1,0,0,0,0,0,0,0,0,2,0,0,0,0,0,0,0,0,0,0,0,0,0,0,0,0,0,0,0,0,0,0,0,0,0,0,0,0,0,0,0,0,0,0,0,0,0,0,0,0,0,0,0,1,0,0,0,0,0,0,0,0,0,0,0,0,0
Mar 05,23784,200,276,3296,404,528,2666,97,0,49,116,82,29,8,9,41,6107,5,15,93,27,13,94,36,4,18,1,12,0,3,13,315,5,33,0,2,4,5,2,0,23,11,0,15,8,1,0,31,1,36,1,2,17,37,2,6,10,2,0,4,37,5,6,4,66,1,6,1,58,51,2,0,0,0,1,1,0,0,1,16,0,0,0,1,1,14,0,0,0,0,31,1,0,0,0,0,0,0,0,0,21,0,1,0,7,0,0,4,9,0,0,0,0,0,1,0,0,2,0,0,0,0,1,0,0,0,0,0,0,1,0,0,1,0,0,0,0,0,0,0,0,0,1,0,0,0,0,0,0,0,0,2,0,0,0,0,0,0,0,0,0,0,0,0,0,0,0,0,0,0,0,0,0,0,0,0,0,0,0,0,0,0,0,0,0,0,0,0,0,0,0,0,0,0,0,1,0,0,0,0,0,0,0,0,0,0,0,0,0
Mar 06,22179,289,387,3916,632,652,3710,144,0,108,210,127,46,13,13,64,6415,11,19,136,28,18,126,39,5,20,5,19,1,6,13,365,5,60,2,4,4,5,3,1,38,14,0,16,11,2,1,45,1,48,1,8,17,44,14,6,11,2,0,4,41,10,8,4,55,1,9,1,57,56,3,0,2,1,3,1,0,0,1,21,0,0,0,1,1,14,0,0,0,0,29,1,0,0,0,0,0,0,0,0,23,0,1,0,16,1,0,3,9,0,0,0,0,0,2,0,0,2,0,0,0,0,1,0,0,0,0,0,0,1,0,0,1,0,1,0,0,0,0,0,0,0,0,0,0,0,0,0,0,0,0,2,0,0,0,0,0,0,0,0,0,0,0,0,0,0,0,0,0,0,0,0,0,0,0,0,0,0,0,0,0,0,0,0,0,0,0,0,0,1,0,0,0,0,0,1,1,0,0,0,0,0,0,0,0,0,0,0,0
Mar 07,20533,401,485,5061,921,782,4009,189,0,168,264,187,52,19,21,79,6875,11,22,160,31,19,156,49,7,26,6,26,6,10,14,379,5,70,3,4,6,5,4,1,38,18,0,18,12,2,1,66,2,48,1,8,19,49,47,6,12,2,1,5,49,10,12,5,55,1,9,1,60,79,3,0,2,3,3,1,2,0,1,27,0,0,0,1,4,14,0,0,0,0,29,1,0,0,0,0,3,0,0,0,26,0,1,0,19,4,0,3,13,0,0,0,0,0,2,0,0,2,0,0,0,1,1,1,0,0,0,0,0,1,5,0,1,0,1,0,0,0,0,0,0,0,0,0,0,0,0,0,0,0,0,2,0,0,0,0,0,0,0,0,0,2,0,0,0,0,0,0,0,0,0,0,0,0,0,0,0,0,0,0,0,0,0,0,0,0,0,0,0,1,0,0,0,0,0,1,1,0,0,0,0,0,0,0,0,0,0,0,0
Mar 08,19016,504,625,6387,1178,1022,4238,257,0,199,327,262,58,25,30,102,7097,14,36,202,37,21,175,58,10,34,11,32,7,10,14,419,6,75,7,6,10,6,5,1,38,24,0,16,15,5,1,73,3,60,1,11,20,57,53,6,12,2,1,5,58,10,16,7,53,1,9,1,63,71,3,0,2,5,3,2,4,2,1,31,0,0,0,9,4,14,0,0,2,0,29,1,0,0,0,0,3,3,0,0,36,0,1,0,19,14,0,3,13,0,0,0,0,0,2,0,0,2,0,0,0,1,0,1,0,0,0,0,0,1,5,0,1,0,1,0,0,0,0,0,0,0,0,0,0,0,0,0,0,0,0,2,0,0,0,0,0,0,0,0,0,4,0,0,0,0,0,0,0,0,0,0,0,0,0,0,0,0,0,0,0,0,0,0,0,0,0,0,0,1,0,0,0,0,0,1,1,0,0,0,0,0,0,0,0,0,0,0,0
Mar 09,17721,663,1169,7985,1370,1204,4530,298,0,238,369,317,68,25,39,129,7178,17,46,259,43,24,226,68,13,89,17,38,9,12,15,437,15,93,21,19,19,3,5,2,47,32,0,16,18,5,3,84,7,67,1,16,20,64,57,6,13,2,1,5,61,10,25,9,54,1,9,1,64,87,5,0,2,7,5,5,4,5,1,40,0,2,0,9,4,9,0,1,6,0,29,1,0,1,0,0,4,3,0,0,49,0,2,0,25,15,0,3,15,0,0,0,0,0,2,0,0,2,0,1,0,1,0,1,0,0,0,0,0,1,5,0,1,0,1,0,0,0,0,0,0,0,0,0,0,0,0,0,0,0,0,2,0,0,0,0,0,0,0,0,0,6,0,0,0,0,0,0,0,0,0,0,0,0,0,0,0,0,0,0,0,0,0,0,0,0,0,0,0,1,0,0,0,0,0,1,1,0,0,0,0,0,0,0,0,0,0,0,0
Mar 10,16136,949,1524,8514,1739,1545,5020,359,1,266,491,378,86,34,41,178,7165,17,71,354,58,34,399,91,17,261,22,63,11,24,17,473,17,42,30,25,19,3,7,5,62,39,1,19,24,5,3,89,7,73,1,18,20,80,32,6,15,2,3,5,49,13,34,12,58,3,11,1,68,80,7,0,2,7,7,6,6,7,1,50,0,2,0,13,5,9,0,2,10,0,29,1,0,2,0,0,5,3,0,0,60,0,2,2,29,18,0,3,23,0,0,0,0,0,2,1,0,3,0,6,0,2,0,2,0,0,0,0,0,1,5,0,1,0,1,1,0,0,0,0,0,0,0,0,0,0,0,0,0,0,0,2,0,0,0,0,0,0,0,0,0,6,0,0,0,0,1,0,0,0,0,0,0,0,0,0,0,0,0,0,0,0,0,0,0,0,0,0,0,1,0,0,0,0,0,1,1,0,0,0,0,0,0,0,0,0,0,0,0
Mar 11,14831,1248,2039,10590,2221,1938,5687,434,1,310,644,498,100,52,61,242,7362,25,93,498,58,42,628,101,23,513,31,94,17,41,17,506,18,123,45,31,44,7,7,18,57,64,13,24,262,5,9,99,13,82,1,20,12,85,39,6,19,5,3,5,49,16,57,13,50,3,8,1,69,160,7,0,2,10,8,7,6,9,1,65,0,6,3,22,7,9,0,2,14,1,27,1,1,2,2,0,7,3,0,0,66,0,2,2,30,23,0,3,24,0,1,0,0,0,2,1,0,3,0,11,0,5,0,4,0,0,0,0,0,1,6,0,3,0,1,2,0,0,0,0,1,0,0,0,0,0,0,0,0,0,0,2,0,0,0,0,0,0,0,0,0,8,0,0,0,0,1,0,0,0,0,0,0,0,0,0,0,0,0,0,0,0,0,0,0,0,0,0,0,1,1,0,0,0,0,1,1,0,0,0,0,0,0,0,0,0,0,0,0
Mar 12,13524,1581,2871,12839,2803,2714,6370,562,1,395,857,607,130,77,77,356,7293,31,105,685,69,69,798,127,33,673,50,116,22,52,17,554,19,132,45,30,44,8,26,24,65,108,13,34,262,5,9,116,16,91,3,30,14,117,51,18,26,5,6,5,51,27,96,16,51,3,11,6,75,162,11,0,2,21,8,13,22,15,1,64,0,10,3,23,7,9,0,2,22,1,28,1,4,3,2,0,9,3,0,2,67,0,2,3,31,28,0,9,25,0,2,0,0,0,2,1,0,3,0,25,0,6,0,4,0,1,0,0,0,2,6,0,4,0,1,2,0,0,0,0,1,0,0,0,0,0,0,0,0,0,0,2,0,0,0,0,0,0,0,0,0,8,0,0,0,0,1,0,0,0,0,0,0,0,0,0,0,0,0,0,0,0,0,0,0,0,0,0,0,1,1,0,0,0,0,1,1,0,0,0,0,0,0,0,0,0,0,0,0
Mar 13,12088,2126,4906,14955,3570,3621,7321,769,5,555,1124,792,186,150,111,497,7198,37,139,812,70,89,994,170,43,803,66,141,38,88,22,595,26,165,57,60,85,11,37,35,65,154,26,39,320,5,16,187,24,103,2,32,14,134,64,24,31,5,6,6,68,79,141,18,50,6,11,8,95,166,18,4,2,32,13,16,30,16,1,73,0,14,4,23,7,10,4,2,32,1,29,0,5,3,2,0,11,2,0,2,73,0,2,10,35,28,0,19,25,1,5,0,1,0,3,2,2,3,1,37,0,6,0,6,0,1,0,1,0,2,6,2,4,0,1,8,0,0,1,0,3,1,0,0,0,0,0,0,0,1,0,2,0,0,0,0,0,0,0,1,0,9,0,0,0,0,1,0,0,0,0,1,1,0,0,0,0,0,0,0,0,0,1,0,0,0,0,0,0,1,1,0,1,0,0,1,1,0,0,0,0,0,0,0,0,0,0,0,0
Mar 14,10733,2664,5678,17750,4396,4544,7779,1101,6,684,1358,945,240,150,167,648,7180,51,189,958,88,127,1105,218,61,834,88,189,43,114,26,638,31,203,101,83,102,22,50,46,65,215,42,46,333,11,24,217,38,107,2,43,26,161,81,24,37,16,12,8,74,115,180,29,57,8,12,20,97,152,21,6,3,44,18,18,39,25,1,89,0,26,4,27,11,11,6,2,37,2,32,0,6,3,3,0,17,3,0,2,92,0,2,10,38,37,0,22,30,1,9,0,1,1,10,2,2,10,3,40,0,7,0,6,1,2,0,1,0,2,7,2,4,0,1,8,0,0,1,0,3,1,0,0,0,0,0,0,0,1,0,2,0,0,0,0,0,0,0,1,0,10,1,0,0,0,1,2,0,0,0,2,1,0,0,0,1,0,0,0,0,2,1,0,0,0,0,0,0,1,1,0,1,0,0,1,1,0,0,0,0,0,0,0,0,0,0,0,0
Mar 15,9893,3484,7177,20603,5284,5754,8624,1336,18,881,2199,1113,329,198,242,853,7253,55,209,1036,99,167,1252,268,75,861,109,293,71,130,35,665,51,386,126,104,115,39,76,47,75,234,54,78,397,11,34,319,61,121,2,51,40,180,92,24,47,26,23,8,88,170,218,30,64,13,16,28,103,137,24,9,4,61,18,20,49,29,5,106,4,33,4,35,15,13,6,3,41,4,38,11,7,3,3,0,19,3,0,6,98,0,1,10,38,41,0,22,32,1,17,0,3,1,11,2,17,10,5,50,0,8,0,11,5,2,0,0,0,2,7,2,7,0,1,8,0,1,4,0,3,1,1,0,1,0,0,3,0,1,0,2,0,0,0,0,0,0,0,1,0,13,1,0,0,0,1,2,0,0,0,2,2,0,0,0,1,0,0,0,0,3,1,0,0,0,0,0,1,1,1,0,1,0,0,1,1,0,0,0,0,0,0,0,0,0,0,0,0
Mar 16,8967,4434,9070,23073,6473,7188,9142,1436,47,1047,2330,1387,426,232,327,1007,7024,85,294,1113,114,216,1344,369,156,909,160,341,85,159,56,678,182,524,127,121,127,49,80,56,75,268,68,111,435,20,53,340,64,134,6,60,46,199,130,33,54,35,28,8,91,204,252,36,70,17,18,51,114,146,23,10,5,72,23,24,60,33,14,103,8,46,4,41,20,15,29,15,50,4,46,28,9,6,6,0,28,5,0,6,96,0,1,11,39,45,0,25,32,1,27,0,3,2,18,3,17,14,6,54,0,8,2,11,7,4,0,7,0,9,11,2,7,0,1,10,0,1,5,0,3,0,2,0,1,0,0,6,0,1,0,2,1,0,1,1,0,0,0,1,0,13,1,0,0,0,4,2,0,0,0,2,2,0,1,0,1,0,0,1,0,3,1,0,0,0,0,0,1,1,1,0,1,0,0,3,1,0,0,0,0,0,0,0,0,0,0,0,0
Mar 17,8056,6127,10265,26062,6953,9274,9792,1814,97,1219,2700,1660,578,343,444,1319,6838,106,326,1187,126,285,1467,423,201,972,220,431,116,198,109,705,245,622,169,156,165,78,139,71,87,312,68,135,438,20,64,368,85,152,12,74,46,242,164,33,64,41,29,20,102,224,274,47,83,25,27,77,118,152,32,33,10,97,30,26,79,59,38,116,11,49,7,50,21,21,50,15,54,4,56,47,9,6,8,0,36,7,0,7,104,0,2,12,44,50,2,25,33,1,43,0,4,3,47,3,33,14,18,56,0,9,1,32,7,5,0,7,0,9,15,3,19,0,1,11,2,1,6,0,3,0,3,0,1,0,0,6,0,3,0,2,2,0,1,1,0,0,0,1,0,13,1,0,0,0,5,2,0,0,0,3,2,0,1,0,1,0,0,1,0,4,1,0,0,0,0,0,1,1,1,0,1,0,0,3,1,0,1,0,0,0,0,0,0,0,0,0,0
Mar 18,7263,9029,13050,28710,8268,12194,10516,2457,189,1441,3067,1991,706,523,636,1633,6789,139,422,1276,152,359,1584,547,238,1052,269,519,144,241,164,694,292,728,178,197,232,89,201,88,87,349,108,169,448,32,92,399,116,196,14,92,36,245,176,46,84,51,34,20,111,257,285,55,94,33,26,109,127,160,37,36,13,105,42,28,90,70,52,125,18,58,9,68,21,26,79,26,57,8,77,55,14,7,9,0,46,10,3,7,122,3,7,12,44,60,8,34,37,1,48,0,7,3,57,7,36,22,33,68,1,11,6,36,11,7,0,7,0,9,15,4,28,0,1,12,2,1,6,0,5,0,7,1,1,2,2,3,0,3,0,3,2,0,2,3,0,0,0,1,0,13,4,2,0,0,6,2,1,0,0,3,2,0,1,0,1,0,0,2,0,6,1,0,0,1,0,0,1,1,1,0,2,0,0,3,1,0,1,0,0,0,0,0,0,0,0,0,0
Mar 19,6569,13545,16139,33190,9328,15161,11144,3060,355,1609,4164,2382,850,631,778,2164,6527,190,663,1412,170,549,1782,703,342,1144,337,691,232,252,256,719,439,823,192,269,266,113,325,102,109,390,135,229,450,32,107,439,150,221,23,122,49,325,207,46,104,59,47,28,130,266,318,70,106,47,36,121,130,168,62,44,13,124,49,37,104,85,73,149,23,67,10,86,21,35,79,32,62,8,81,68,28,11,12,1,51,14,7,11,126,3,11,15,47,69,13,34,39,1,57,1,7,4,71,14,42,22,33,73,1,13,8,36,11,9,1,8,0,10,15,4,28,0,1,12,5,3,7,0,6,2,7,1,3,2,2,4,0,3,0,3,2,0,2,6,0,0,0,1,0,13,6,2,0,0,6,3,1,0,1,2,2,0,1,0,1,0,1,2,0,6,1,0,0,1,0,0,1,1,1,0,2,1,0,3,1,0,1,0,0,0,0,0,0,0,0,0,0
Mar 20,6013,19089,18890,37860,10575,19600,11466,3741,661,2016,5544,2886,1061,957,1009,2634,6325,240,689,1607,221,675,1951,875,428,1245,407,829,258,277,416,757,485,940,204,320,336,159,473,132,107,440,198,279,460,70,144,466,202,254,37,152,51,404,235,54,124,81,64,52,142,282,340,74,154,67,36,135,137,172,87,52,25,137,75,52,123,110,74,169,33,75,20,109,23,35,110,35,66,8,105,83,38,12,24,1,62,16,12,16,133,6,11,16,31,74,14,42,43,2,70,2,7,7,77,18,64,31,50,77,1,18,8,50,17,9,1,11,3,11,15,4,28,0,9,16,6,3,9,0,11,2,7,1,4,2,2,14,0,3,0,4,2,2,2,6,0,0,1,1,0,11,6,2,0,0,6,3,1,0,1,2,2,0,1,0,1,1,1,2,0,7,4,0,0,1,0,0,3,1,1,1,2,2,0,3,2,0,1,0,0,0,0,0,0,0,1,0,0
Mar 21,5353,23844,21990,42681,12310,22071,11419,4692,926,2485,6652,3493,1295,1158,1263,2975,6085,289,846,1734,304,777,2151,1019,528,1312,518,989,312,315,522,803,629,1061,275,392,376,197,656,168,113,512,241,366,454,109,195,498,238,290,43,151,59,467,242,61,200,90,78,52,146,304,382,92,170,97,41,159,149,184,90,54,38,171,84,58,157,123,87,218,41,80,20,113,23,39,110,56,72,13,123,99,47,32,24,1,71,19,13,20,136,14,21,19,36,77,16,51,48,2,74,2,7,11,89,22,55,36,55,82,1,21,8,51,17,49,3,16,3,17,18,4,37,0,16,16,14,3,9,1,15,2,9,1,4,2,2,17,0,4,1,5,3,2,2,6,0,0,2,1,0,10,6,4,0,0,10,3,1,0,2,2,2,0,1,0,1,3,1,2,0,7,5,0,0,1,0,0,3,1,1,3,2,2,0,3,2,0,1,0,0,0,0,0,0,0,1,0,1
Mar 22,5120,33124,24421,46638,13144,24513,12040,5309,1206,3063,7245,4023,1436,1519,1581,3557,5884,350,1033,1897,365,897,2372,1514,623,1381,614,1113,357,366,772,825,758,1157,340,437,494,245,784,218,113,615,309,554,461,199,226,590,272,309,69,235,119,562,257,61,248,108,92,102,156,322,412,109,214,141,53,192,158,183,123,60,38,178,113,71,181,138,111,236,43,91,34,130,38,38,158,66,85,13,139,111,63,32,26,2,88,22,26,22,151,14,28,24,42,96,21,62,53,2,79,5,15,11,112,29,55,43,57,86,1,21,13,82,19,50,3,18,3,22,18,8,37,0,16,16,14,3,11,1,18,2,12,1,4,6,3,18,0,4,1,5,3,2,2,12,0,0,2,1,1,10,6,4,1,0,10,3,1,1,2,2,2,0,1,1,4,3,1,4,0,7,5,0,0,1,0,0,3,1,1,3,2,2,0,3,2,0,1,0,0,0,0,0,0,0,1,0,1
Mar 23,4735,43173,29470,50418,16796,28480,12861,6180,1492,3254,8544,4534,1747,1888,2023,4444,5684,420,1400,2003,455,1114,2609,1762,733,1435,728,1228,389,496,960,851,856,1345,411,500,543,309,861,243,155,689,338,668,468,239,271,649,398,355,69,246,148,536,279,59,309,134,106,102,181,348,439,138,253,177,61,233,159,211,133,62,54,179,133,85,195,179,131,255,46,112,39,154,38,49,162,90,98,23,165,126,70,36,30,3,105,25,34,25,163,16,37,27,42,106,26,71,53,4,95,13,16,24,95,34,69,52,61,89,3,21,10,85,36,51,3,19,12,22,14,8,51,0,18,16,17,4,11,9,18,4,15,2,4,6,3,19,0,5,1,8,3,6,6,12,0,2,3,3,1,8,9,8,1,0,10,4,1,2,3,3,3,0,1,1,4,2,2,4,0,7,5,1,1,1,0,1,3,1,1,3,2,2,0,3,2,0,1,0,0,0,0,0,0,0,1,0,1
Mar 24,4287,54018,35273,54030,17923,29542,13964,7520,1828,3686,9624,5282,2654,2199,2307,5246,5410,472,1874,2243,486,1317,2848,2191,903,1558,890,1381,408,703,1052,865,947,1425,497,601,738,359,1085,285,201,781,436,771,485,303,369,694,550,400,98,329,221,595,302,59,376,159,122,183,214,362,473,157,281,206,76,235,152,212,163,72,63,197,145,109,212,196,162,306,50,118,46,173,72,67,189,103,108,71,185,153,93,36,30,3,108,30,40,51,162,42,41,29,44,117,46,78,61,4,100,23,25,36,89,43,69,56,72,102,3,25,10,87,40,57,5,20,17,22,17,16,51,0,19,18,18,4,12,9,25,5,19,2,4,6,3,4,0,5,1,8,3,7,6,12,1,3,3,3,1,8,9,10,3,2,10,5,2,7,4,5,3,0,1,1,4,2,3,3,0,7,7,1,1,1,0,1,3,4,1,2,2,2,0,3,2,0,2,0,0,0,0,0,0,0,1,0,1
Mar 25,3947,67205,40501,57521,20002,33570,15315,8931,2348,4212,10613,6053,3188,2493,2930,5548,5281,626,2306,2448,602,1550,3064,2547,1117,1689,1030,1638,470,803,1179,952,1034,1577,572,701,869,396,1319,365,279,867,548,860,496,379,458,763,697,469,139,442,216,679,340,57,419,212,146,256,214,395,513,195,305,269,81,249,152,238,171,81,72,209,173,166,235,220,186,307,60,126,55,197,80,82,217,132,124,77,204,171,110,46,52,6,127,27,46,64,183,44,48,32,54,131,52,90,65,4,99,23,27,36,94,46,91,65,72,107,11,34,21,86,41,59,9,19,19,30,22,18,51,2,22,23,18,4,12,14,25,7,21,3,4,7,12,4,2,5,4,11,3,8,6,13,1,3,3,3,5,5,9,14,5,3,10,5,2,11,5,3,3,0,1,1,4,2,3,4,2,7,8,2,2,1,0,1,3,4,1,3,2,2,0,3,2,0,2,0,0,0,2,0,0,0,1,0,1
Mar 26,3460,82846,46406,62013,22511,37998,16715,10945,3528,5340,11488,6994,3776,2902,3441,6748,4966,799,2617,2747,662,1795,3352,2867,1280,1835,1198,1906,557,912,1366,981,1171,1793,634,780,976,465,1438,435,279,943,663,953,506,475,477,829,915,509,190,505,313,718,369,57,470,256,174,331,241,529,546,223,340,294,104,271,159,250,186,110,72,224,195,190,253,243,220,339,75,139,64,227,88,86,238,135,151,93,221,211,134,65,66,9,132,28,79,127,183,44,61,61,68,133,68,96,68,4,99,26,29,36,93,48,91,80,72,109,11,38,22,88,50,64,13,20,23,32,22,27,56,4,23,23,24,4,12,14,30,7,23,3,8,13,16,4,2,6,6,11,3,8,6,13,1,5,4,7,5,5,12,14,7,6,11,6,2,11,5,4,2,0,2,7,6,2,3,4,2,7,8,2,2,5,0,2,3,4,1,4,3,2,0,3,2,0,2,0,0,2,2,0,0,0,1,0,1
Mar 27,3128,100522,51224,66414,25269,43862,18821,13649,5564,6137,11167,8054,4348,3319,4149,7414,4665,987,2944,2948,794,2094,3745,3195,1562,1993,1366,2259,608,1151,1583,1078,1339,1876,718,913,1066,573,1550,478,351,1024,770,1034,519,558,523,886,1138,547,300,504,354,791,390,62,546,311,195,331,296,563,613,256,404,352,147,300,168,235,228,146,87,267,213,218,281,279,263,356,82,142,74,258,104,108,238,159,147,98,235,216,144,87,67,9,137,32,92,131,196,58,66,61,73,143,81,108,69,8,99,29,29,50,90,46,80,92,72,104,12,48,41,88,54,63,13,23,26,41,22,32,56,11,23,23,26,4,16,23,30,7,24,3,9,15,22,4,2,6,6,11,3,8,6,12,1,8,4,7,5,7,12,15,7,6,11,6,2,11,5,5,2,0,3,7,9,4,3,8,2,7,8,2,3,5,0,2,3,4,1,4,3,3,0,5,3,0,2,0,0,2,2,0,0,0,1,0,1
Mar 28,2691,118740,54968,70065,29561,48781,21212,15935,7224,7718,12282,9120,5199,3784,5027,7978,4523,1211,3518,3326,879,2374,3985,3451,1842,2135,1613,2609,639,1276,1772,1237,1454,1973,972,994,1162,701,1773,607,414,1148,880,1142,544,688,592,977,1155,602,342,654,394,847,419,62,607,365,227,457,333,624,665,298,444,386,163,376,171,207,264,211,87,290,234,268,313,304,304,374,97,159,112,290,104,129,303,175,156,98,251,227,182,96,91,9,147,28,100,134,196,58,93,74,85,153,83,112,76,8,103,32,36,63,101,57,78,92,83,94,14,52,42,86,60,72,19,23,26,41,22,45,56,17,23,27,26,4,15,30,30,7,24,6,9,15,28,7,2,6,6,11,3,8,6,13,3,8,5,7,5,7,12,15,8,8,12,6,4,11,5,5,2,0,3,7,9,6,3,8,2,8,8,2,4,5,0,4,3,6,0,5,5,3,0,5,3,0,2,0,0,2,2,0,0,0,1,0,1
Mar 29,2691,136962,58598,73880,30366,52683,23278,18159,8981,9046,12934,9845,5682,4114,5800,8223,4398,1462,4100,3574,902,2564,4251,3902,2057,2322,1833,2790,818,1566,1863,1388,1554,2047,1305,1107,1225,797,1889,686,509,1219,961,1152,585,817,682,1065,1247,629,459,709,449,883,437,62,652,440,259,457,362,656,709,361,520,452,190,391,188,223,309,263,128,312,250,302,324,346,327,398,135,193,132,309,114,144,303,187,169,160,256,238,182,106,104,17,149,28,104,145,196,84,107,80,90,169,84,115,73,16,105,42,40,63,89,71,77,92,85,91,18,55,51,82,70,74,24,23,39,44,37,49,56,17,23,29,33,19,20,33,30,11,27,6,13,20,29,7,2,6,12,11,3,14,6,13,8,10,5,7,8,4,12,15,8,8,12,9,5,11,5,5,8,0,3,9,9,6,3,8,2,8,8,2,4,5,0,4,3,6,0,5,3,3,0,5,4,0,3,0,0,2,2,0,0,0,1,0,1
Mar 30,2161,156184,63460,75528,33599,52740,24827,20598,10497,9859,13740,10636,6266,4347,6225,8874,4275,1761,4518,3866,1117,2851,4401,4197,2285,2499,2017,2953,873,1835,1901,1473,1620,2110,1426,1217,1330,938,1926,727,545,1329,1039,1286,641,855,769,1114,1292,648,527,569,512,927,465,120,717,508,281,525,432,692,735,398,561,477,243,449,194,216,341,280,128,329,266,350,334,375,352,400,140,201,162,324,164,150,294,203,168,161,262,237,223,139,129,24,154,25,125,145,192,91,121,93,98,149,90,135,83,22,105,49,48,72,98,71,93,92,85,88,18,60,35,86,70,79,30,25,43,47,37,49,62,23,28,33,33,19,19,33,36,11,28,6,13,25,35,7,8,6,15,15,3,14,6,18,8,14,4,7,8,4,12,15,8,8,10,9,4,12,5,8,8,3,3,9,9,6,5,8,7,8,8,3,4,5,0,5,3,6,0,5,3,3,0,5,4,0,3,0,0,2,2,0,0,0,1,0,1
Mar 31,2004,178430,68200,77635,39161,54933,27051,23226,13074,10374,14349,11306,7269,5389,7240,8957,4216,2199,5114,4239,1239,3159,4589,4398,2570,2769,2271,3232,641,1943,2165,1697,1836,2186,1947,1311,1388,1031,2075,835,597,1391,1142,1299,717,1053,859,1213,1317,683,618,787,626,935,507,104,794,557,331,572,474,715,777,439,583,522,267,499,216,268,390,317,182,360,308,381,374,397,354,414,163,231,172,341,165,157,296,215,176,171,278,239,246,138,131,31,167,21,138,125,197,104,125,101,100,154,107,135,89,22,124,60,57,83,95,88,93,98,88,83,30,61,35,86,75,83,31,25,57,49,36,54,68,26,23,34,34,19,24,44,37,13,31,6,13,22,36,10,8,15,15,18,3,14,8,17,9,14,4,7,8,5,14,16,8,9,10,9,4,12,5,8,12,3,4,9,9,7,7,8,8,10,9,3,4,5,0,5,3,6,0,5,3,4,1,5,4,0,3,0,0,2,3,2,0,0,1,0,1
Apr 01,1863,202366,72084,80572,42022,58350,29084,26987,15069,11004,14313,12191,7881,6511,8021,9129,4155,2563,5825,4605,1792,3357,4820,4680,2781,2109,2455,3489,891,2116,2602,1855,1997,2218,2165,1417,1440,1151,2210,990,745,1419,1276,1254,762,1218,1009,1312,1325,752,761,853,728,982,548,108,884,586,395,624,494,741,816,465,615,566,328,536,237,228,427,351,217,396,326,406,392,445,366,422,167,283,194,369,228,175,286,220,177,180,279,237,241,169,159,69,186,23,155,159,195,108,163,107,115,155,121,144,94,30,122,67,77,90,98,97,98,105,95,78,33,65,47,84,82,84,31,26,57,52,36,54,72,28,24,39,45,20,27,44,37,21,31,9,19,22,36,16,9,17,15,19,6,15,12,18,10,15,5,7,8,6,14,15,10,10,12,12,3,12,5,7,12,3,4,9,9,7,7,8,8,10,10,3,4,5,0,6,3,6,1,5,3,4,2,5,4,0,1,0,0,2,3,2,0,2,1,0,1
Apr 02,1727,229948,74974,83049,41290,61247,30597,30662,17364,11842,14278,13108,9131,7593,8757,9222,3979,3283,6483,5157,2280,3746,5065,4704,3051,2174,2833,3747,822,2356,2978,2082,2262,2299,2475,1508,1536,1306,2377,1098,920,1199,1429,1355,874,1304,1087,1430,1407,779,856,973,839,1031,606,247,916,633,476,704,516,802,810,522,644,633,369,623,261,258,497,405,289,420,356,436,422,427,403,432,178,318,214,388,257,173,284,222,185,178,284,249,268,190,202,93,194,25,162,168,194,111,162,114,142,158,142,139,108,52,126,94,103,105,96,118,98,108,98,76,40,72,42,76,84,88,39,34,59,57,36,59,75,33,20,42,46,18,26,45,37,27,31,11,22,24,38,15,9,20,22,19,6,15,12,17,10,19,5,9,14,6,14,17,10,10,12,11,4,12,7,7,12,3,4,10,9,8,8,8,9,10,10,3,5,5,3,5,3,7,1,5,3,4,2,5,4,0,1,0,0,3,3,3,0,2,1,0,1
Apr 03,1558,259405,77488,85388,61650,65309,31954,34428,20012,12755,14169,13986,9981,8704,9572,9334,3867,3834,6985,5568,2781,4128,5279,4841,3288,2425,3256,4065,997,2767,3158,2352,2520,2453,2830,1671,1663,827,2081,1383,1147,1295,1622,1347,979,1404,1187,1472,1401,827,1023,1045,1004,1051,703,294,979,686,557,764,540,901,844,554,668,680,406,686,335,286,535,432,484,441,398,472,441,491,407,441,200,357,248,403,265,194,296,236,198,198,293,247,281,215,204,115,200,29,179,169,193,123,181,122,172,154,171,140,127,71,131,113,114,116,88,129,94,113,99,68,41,83,49,79,89,91,43,37,70,60,35,61,75,36,20,43,51,18,32,48,39,27,32,13,21,21,36,19,15,19,22,19,7,17,14,16,16,19,5,15,14,6,15,17,10,10,12,11,6,14,7,7,12,3,6,12,9,8,8,7,9,10,9,4,5,6,3,5,8,7,6,5,3,4,2,5,3,1,1,0,0,3,3,3,0,2,1,0,1
Apr 04,1376,289729,80002,88274,66955,68248,32555,37455,22647,13901,13424,14726,11086,9788,10183,9088,3654,4355,7380,5865,3260,4442,5456,4935,3606,2633,3432,4335,759,3138,3193,2548,2646,2511,2893,1751,1730,995,2198,1526,1370,1557,1742,1373,1213,1484,1289,1527,1481,886,1168,1129,1031,1017,758,382,995,794,711,822,563,967,876,588,685,753,484,720,385,261,573,490,529,462,446,530,452,507,428,449,239,384,267,420,292,214,302,236,214,219,300,244,294,244,246,136,211,32,182,169,200,134,185,128,195,150,198,145,125,106,134,125,118,118,88,133,96,115,103,68,42,81,46,64,102,96,51,44,70,62,39,63,76,37,21,43,52,18,34,48,40,33,34,13,24,23,36,19,18,19,29,17,6,19,14,16,17,20,6,15,12,6,15,16,9,10,12,11,6,14,12,5,13,3,6,12,9,8,9,8,9,10,9,4,8,6,4,5,8,7,6,6,3,4,4,5,3,1,1,0,4,3,3,3,0,2,1,0,1
Apr 05,1299,310728,80925,91246,68578,69839,32612,42737,25453,14493,13970,15835,12290,10641,10908,8849,3591,4989,7904,6224,3843,4811,5584,4633,3819,2863,3874,4424,1209,3339,3366,2994,2899,2596,3030,1911,1880,1178,2268,1803,1645,1599,1742,1353,1477,1646,1362,1584,1549,983,1243,1228,1078,1054,848,502,1042,875,819,882,621,1020,890,633,681,791,545,758,456,265,601,536,624,476,514,547,474,531,457,455,310,400,297,436,327,235,296,238,237,221,304,230,304,276,240,161,222,46,213,178,199,137,194,145,211,151,211,138,136,116,138,126,134,131,82,133,100,95,97,61,50,89,51,64,100,96,57,52,70,69,41,63,76,39,21,47,49,38,37,52,41,37,34,20,20,23,35,20,18,19,29,23,7,19,17,18,17,20,10,15,15,6,15,17,9,11,12,13,8,14,12,5,13,5,6,12,9,8,9,8,10,10,9,5,8,6,4,4,8,7,6,6,3,5,6,5,3,2,1,0,4,3,3,3,1,2,1,1,1
Apr 06,1242,338808,82897,93187,71849,72865,32525,46100,28242,15196,12836,16686,12728,11492,11279,8614,3500,5890,8262,6524,4267,5165,5757,3418,4050,3116,4144,4623,1472,3475,3456,3222,3454,2490,3424,2090,2016,1416,2302,2024,1898,1849,2031,1401,1697,1709,1445,1407,1579,1025,1253,1250,1160,1096,978,634,1076,959,909,929,623,1027,889,639,695,820,590,763,561,294,598,610,632,524,517,569,488,525,473,462,425,411,323,447,338,268,286,238,240,279,311,217,309,289,270,217,236,78,230,178,210,179,198,170,229,150,230,132,147,123,135,83,148,147,76,138,93,97,101,52,81,96,57,61,101,96,60,52,80,72,38,69,21,33,32,48,52,38,38,52,42,37,34,30,23,20,33,19,18,22,31,23,8,23,20,20,17,21,12,15,15,6,13,17,9,12,13,13,8,14,14,7,13,5,6,12,6,9,9,7,10,11,9,6,8,6,5,7,8,7,6,5,3,5,6,5,3,2,1,4,4,3,3,3,1,2,2,1,1
Apr 07,1190,368269,84689,94067,79404,69566,31678,48948,31802,16002,12728,17229,13488,13221,11913,8350,3445,6945,8413,6897,4723,5474,5965,3392,4175,3377,4528,4757,1546,3760,3635,3542,3549,2579,3503,2313,2139,1681,2426,2268,2161,1974,2031,1343,1901,1822,1630,1482,1641,1098,1389,1317,1162,1021,1080,794,1097,1001,994,918,684,1059,921,699,696,857,665,758,637,348,663,640,616,566,543,575,512,530,484,467,488,438,358,457,391,302,267,238,230,305,310,209,318,294,277,241,288,114,253,251,205,191,204,178,218,128,235,130,147,139,137,76,159,147,64,153,94,98,101,49,81,95,53,57,98,98,69,57,81,74,43,60,22,39,39,51,54,38,46,52,47,38,34,33,22,20,31,20,33,28,31,23,8,24,20,18,18,21,13,18,14,6,13,17,9,14,11,13,10,14,15,5,13,5,7,12,6,9,8,1,11,11,9,6,8,9,7,7,8,7,7,5,3,5,6,5,3,2,1,4,4,3,3,3,2,2,2,1,1
Apr 08,1160,397248,85407,95262,80827,64647,30781,53501,35568,16482,12585,18051,14463,15241,12565,8157,3408,8029,8530,7527,5232,5814,5909,3189,4383,3563,4824,4980,2888,4013,4068,3941,3735,2567,3592,2494,2260,2011,2488,2483,2408,2147,2449,1451,2026,1953,1876,1532,1732,1211,1581,1372,1130,977,1152,976,1145,1085,1107,927,681,1089,931,743,693,889,751,758,743,341,691,666,660,664,553,579,527,559,489,495,512,465,418,470,401,345,257,257,224,333,307,202,322,305,284,303,282,165,247,273,229,233,226,193,218,125,242,129,158,159,138,75,164,160,53,153,93,98,90,43,110,99,60,54,103,98,79,67,82,76,40,63,22,36,44,49,52,38,49,53,51,38,35,33,28,13,31,23,33,32,33,23,24,26,20,19,12,19,15,17,13,6,15,17,16,15,12,13,10,14,15,6,13,5,10,12,5,8,8,0,11,11,6,7,8,9,7,7,8,6,7,5,3,5,7,5,3,4,1,4,4,3,3,3,2,2,2,1,1
